dataset_id,project_name,workspace,project_slug,version,task,source_images,export_images,class_summary,export_format,license,status,recommended_use,limitations,source_url
01_doctors_prescription,Doctors prescription,daffodil-international-university-s5vpr,doctors-prescription,1,object_detection,379,379,"about 1,400 medicine-name classes",coco,CC BY 4.0,ready,"medicine-name box detection; OCR crops; OCR-output versus label pairs","Bangladeshi medicine vocabulary; sparse examples per class; do not train a 1,400-class production classifier without class audit",https://universe.roboflow.com/daffodil-international-university-s5vpr/doctors-prescription/dataset/1
02_handwritten_area_segmentation,handwritten-area-seg,prescription-y4lvx,handwritten-area-seg-qofcf,1,instance_segmentation,207,207,handwritten-area-seg,coco-segmentation,verify_on_export,ready,"segment handwritten regions before line or word OCR","region masks do not contain medicine transcription labels",https://universe.roboflow.com/prescription-y4lvx/handwritten-area-seg-qofcf
03_handwritten_segmentation,213213,prescription-y4lvx,213213-vljxo,1,instance_segmentation,88,88,handwritten,coco-segmentation,verify_on_export,ready,"second handwritten-region segmentation set; external validation for the first segmenter","small dataset; likely overlaps the same workspace and must be hash-deduplicated against dataset 02",https://universe.roboflow.com/prescription-y4lvx/213213-vljxo
04_prescription_fields,precription_detection,assmaes-workspace,precription_detection,1,object_detection,107,107,"Frequence; Quantite; dose; entete; medicament; pieds; posologie; prescription",coco,verify_on_export,ready,"detect medicine, dose, frequency, quantity, header, and footer fields before OCR","French field labels; small sample; class spelling must be normalized",https://universe.roboflow.com/assmaes-workspace/precription_detection
05_prescription_fraud,MedFraud-AI,aichas-workspace-4lc5m,medfraud-ai,1,object_detection,136,136,"date_changed; date_removed; dosage_changed; patient_name_removed; signature_removed",coco,verify_on_export,optional,"optional tampering and missing-field safety study","not useful for medicine-name OCR or search ranking; keep outside the core OCR benchmark",https://universe.roboflow.com/aichas-workspace-4lc5m/medfraud-ai
06_medicine_dosage_fields,iheb_nakib,doxariaproject,iheb_nakib,1,object_detection,1460,1460,"dosage; medicament",coco,verify_on_export,ready,"main medicine-line and dosage detector training source","check duplicate lineage against iheb_nakib 2 and other Doxaria projects before splitting",https://universe.roboflow.com/doxariaproject/iheb_nakib
07_document_regions,My First Project,elitheb,my-first-project-gntwm,1,object_detection,386,386,"header; footer; handwritten; objects; stamp",coco,verify_on_export,ready,"remove headers, footers, stamps, and non-handwritten regions before OCR","generic project name and broad object class require annotation audit",https://universe.roboflow.com/elitheb/my-first-project-gntwm
08_text_regions,My First Project,njareb,my-first-project-ni05u,1,object_detection,76,76,"date; text; 4; objects",coco,verify_on_export,review_only,"inspect whether its text boxes add useful prescription layout examples","unclear classes and only 76 images; do not merge until visual label audit passes",https://universe.roboflow.com/njareb/my-first-project-ni05u
09_field_classification,Pharmacy,sallam,pharmacy-vbrfe,1,classification,50,120,"Dosage; Frequency; Medicine_Name",folder,verify_on_export,ready,"classify an extracted crop as medicine name, dosage, or frequency","only 50 source images; 120-file version includes augmentation and must not be split as independent originals",https://universe.roboflow.com/sallam/pharmacy-vbrfe/dataset/1
