scope,dimension,group,cases,share_of_scope,mean_edit_distance,mean_normalized_edit_distance,mean_compact_query_length,hit_at_1,hit_at_20,top_1_failures,top_20_failures,top_20_failure_rate,share_of_scope_top_20_failures
inclusive_observations,overall,all,595,1.0,2.959664,0.424961,7.157983,0.50252101,0.73781513,296,156,0.26218487,1.0
inclusive_observations,analysis_cohort,extreme_distance_prediction,121,0.20336134,6.157025,0.937275,6.710744,0.0,0.08264463,121,111,0.91735537,0.71153846
inclusive_observations,analysis_cohort,high_distance_prediction,96,0.16134454,3.71875,0.490923,7.427083,0.125,0.75,84,24,0.25,0.15384615
inclusive_observations,analysis_cohort,normalized_exact_match,6,0.01008403,0.0,0.0,7.333333,1.0,1.0,0,0,0.0,0.0
inclusive_observations,analysis_cohort,real_drug_name_collision,17,0.02857143,4.647059,0.688282,8.058824,0.0,0.11764706,17,15,0.88235294,0.09615385
inclusive_observations,analysis_cohort,standard_ocr_error,345,0.57983193,1.643478,0.227834,7.246377,0.7942029,0.9826087,71,6,0.0173913,0.03846154
inclusive_observations,analysis_cohort,visible_name_fragment,10,0.01680672,1.3,0.200952,5.3,0.7,1.0,3,0,0.0,0.0
inclusive_observations,mistake_type,multi_edit_ocr_error,172,0.28907563,5.616279,0.80793,7.273256,0.02906977,0.26162791,167,127,0.73837209,0.81410256
inclusive_observations,mistake_type,real_drug_name_collision,17,0.02857143,4.647059,0.688282,8.058824,0.0,0.11764706,17,15,0.88235294,0.09615385
inclusive_observations,mistake_type,single_edit_ocr_error,172,0.28907563,1.0,0.154743,6.97093,0.90116279,0.98837209,17,2,0.01162791,0.01282051
inclusive_observations,mistake_type,two_or_three_edit_ocr_error,217,0.36470588,2.423963,0.336115,7.24424,0.58064516,0.94470046,91,12,0.05529954,0.07692308
inclusive_observations,mistake_type,visible_prefix_or_suffix_fragment,17,0.02857143,1.058824,0.154972,5.882353,0.76470588,1.0,4,0,0.0,0.0
inclusive_observations,distance_band,0_exact_after_normalization,6,0.01008403,0.0,0.0,7.333333,1.0,1.0,0,0,0.0,0.0
inclusive_observations,distance_band,1_single_edit,179,0.30084034,1.0,0.15513,6.910615,0.90502793,0.98882682,17,2,0.01117318,0.01282051
inclusive_observations,distance_band,2_3_edits,223,0.37478992,2.412556,0.335499,7.183857,0.56502242,0.93721973,97,14,0.06278027,0.08974359
inclusive_observations,distance_band,4_5_edits,107,0.17983193,4.46729,0.618191,7.261682,0.04672897,0.41121495,102,63,0.58878505,0.40384615
inclusive_observations,distance_band,6_plus_edits,80,0.13445378,7.075,1.051513,7.4875,0.0,0.0375,80,77,0.9625,0.49358974
inclusive_observations,difficulty,EASY,166,0.2789916,1.0,0.1477,7.150602,0.90963855,0.98795181,15,2,0.01204819,0.01282051
inclusive_observations,difficulty,EXACT,6,0.01008403,0.0,0.0,7.333333,1.0,1.0,0,0,0.0,0.0
inclusive_observations,difficulty,EXTREME_REVIEW,129,0.21680672,6.155039,0.937012,6.899225,0.0,0.07751938,129,119,0.92248062,0.76282051
inclusive_observations,difficulty,HARD,102,0.17142857,3.735294,0.493557,7.421569,0.11764706,0.71568627,90,29,0.28431373,0.18589744
inclusive_observations,difficulty,MEDIUM,192,0.32268908,2.1875,0.297481,7.192708,0.67708333,0.96875,62,6,0.03125,0.03846154
inclusive_observations,danger,CAUTION,236,0.39663866,4.758475,0.700235,6.775424,0.11864407,0.42372881,208,136,0.57627119,0.87179487
inclusive_observations,danger,DANGEROUS,17,0.02857143,4.647059,0.688282,8.058824,0.0,0.11764706,17,15,0.88235294,0.09615385
inclusive_observations,danger,SAFE,342,0.57478992,1.634503,0.221917,7.377193,0.79239766,0.98538012,71,5,0.01461988,0.03205128
inclusive_observations,operation_profile,extra_characters_only,36,0.0605042,1.194444,0.205159,8.5,0.91666667,0.91666667,3,3,0.08333333,0.01923077
inclusive_observations,operation_profile,missing_characters_only,36,0.0605042,1.472222,0.216942,5.416667,0.75,0.94444444,9,2,0.05555556,0.01282051
inclusive_observations,operation_profile,mixed_operations,279,0.46890756,4.37276,0.620507,7.283154,0.23655914,0.52688172,213,132,0.47311828,0.84615385
inclusive_observations,operation_profile,substitutions_only,244,0.41008403,1.82377,0.264487,7.07377,0.70901639,0.92213115,71,19,0.07786885,0.12179487
inclusive_observations,source_addition_count,0,404,0.6789916,2.59901,0.395516,7.809406,0.5990099,0.81435644,162,75,0.18564356,0.48076923
inclusive_observations,source_addition_count,1,107,0.17983193,2.794393,0.371822,6.523364,0.5046729,0.78504673,53,23,0.21495327,0.1474359
inclusive_observations,source_addition_count,2,45,0.07563025,3.711111,0.512275,5.4,0.06666667,0.51111111,42,22,0.48888889,0.14102564
inclusive_observations,source_addition_count,3_plus,39,0.06554622,6.282051,0.775031,4.179487,0.0,0.07692308,39,36,0.92307692,0.23076923
inclusive_observations,source_deletion_count,0,424,0.71260504,2.615566,0.357731,6.46934,0.53301887,0.77358491,198,96,0.22641509,0.61538462
inclusive_observations,source_deletion_count,1,91,0.15294118,2.615385,0.34949,8.318681,0.57142857,0.85714286,39,13,0.14285714,0.08333333
inclusive_observations,source_deletion_count,2,36,0.0605042,3.472222,0.4986,9.083333,0.52777778,0.72222222,17,10,0.27777778,0.06410256
inclusive_observations,source_deletion_count,3_plus,44,0.07394958,6.568182,1.16866,9.818182,0.04545455,0.15909091,42,37,0.84090909,0.23717949
inclusive_observations,source_replacement_count,0,74,0.12436975,1.351351,0.213068,6.959459,0.83783784,0.93243243,12,5,0.06756757,0.03205128
inclusive_observations,source_replacement_count,1,206,0.34621849,1.723301,0.254718,6.68932,0.72330097,0.91747573,57,17,0.08252427,0.10897436
inclusive_observations,source_replacement_count,2,150,0.25210084,2.886667,0.404487,7.346667,0.51333333,0.8,73,30,0.2,0.19230769
inclusive_observations,source_replacement_count,3_plus,165,0.27731092,5.290909,0.751152,7.660606,0.06666667,0.36969697,154,104,0.63030303,0.66666667
inclusive_observations,length_direction,equal_length,252,0.42352941,1.884921,0.27087,7.099206,0.70238095,0.91666667,75,21,0.08333333,0.13461538
inclusive_observations,length_direction,ocr_output_longer,162,0.27226891,3.808642,0.597685,8.932099,0.42592593,0.64814815,93,57,0.35185185,0.36538462
inclusive_observations,length_direction,ocr_output_shorter,181,0.30420168,3.696133,0.484905,5.651934,0.29281768,0.56906077,128,78,0.43093923,0.5
inclusive_observations,query_length_band,10_plus_characters,68,0.11428571,4.455882,0.610236,10.514706,0.44117647,0.66176471,38,23,0.33823529,0.1474359
inclusive_observations,query_length_band,1_3_characters,20,0.03361345,4.9,0.758472,2.55,0.1,0.15,18,17,0.85,0.10897436
inclusive_observations,query_length_band,4_5_characters,123,0.20672269,2.512195,0.400232,4.756098,0.46341463,0.70731707,66,36,0.29268293,0.23076923
inclusive_observations,query_length_band,6_7_characters,204,0.34285714,2.823529,0.424385,6.681373,0.46568627,0.76470588,109,48,0.23529412,0.30769231
inclusive_observations,query_length_band,8_9_characters,180,0.30252101,2.638889,0.335463,8.583333,0.63888889,0.82222222,65,32,0.17777778,0.20512821
inclusive_observations,shared_character_band,0_shared_characters,9,0.01512605,6.444444,1.166667,3.888889,0.0,0.0,9,9,1.0,0.05769231
inclusive_observations,shared_character_band,1_shared_character,28,0.04705882,6.178571,1.099306,4.785714,0.0,0.0,28,28,1.0,0.17948718
inclusive_observations,shared_character_band,2_plus_shared_characters,558,0.93781513,2.741935,0.37916,7.329749,0.53584229,0.78673835,259,119,0.21326165,0.76282051
inclusive_observations,shared_bigram_band,0_shared_bigrams,72,0.1210084,6.402778,1.027949,5.819444,0.01388889,0.01388889,71,71,0.98611111,0.45512821
inclusive_observations,shared_bigram_band,1_shared_bigram,75,0.12605042,3.64,0.543217,5.693333,0.2,0.50666667,60,37,0.49333333,0.23717949
inclusive_observations,shared_bigram_band,2_plus_shared_bigrams,448,0.75294118,2.292411,0.308255,7.618304,0.63169643,0.89285714,165,48,0.10714286,0.30769231
inclusive_observations,ocr_output_catalog_status,names_a_catalog_family,20,0.03361345,3.95,0.58504,7.7,0.15,0.25,17,15,0.75,0.09615385
inclusive_observations,ocr_output_catalog_status,not_a_catalog_family,575,0.96638655,2.925217,0.419393,7.13913,0.51478261,0.75478261,279,141,0.24521739,0.90384615
inclusive_observations,source_model,easyocr,73,0.12268908,4.821918,0.652919,4.863014,0.16438356,0.30136986,61,51,0.69863014,0.32692308
inclusive_observations,source_model,got_ocr2,55,0.09243697,2.454545,0.356154,7.145455,0.54545455,0.83636364,25,9,0.16363636,0.05769231
inclusive_observations,source_model,internvl3_14b_hf,29,0.0487395,2.37931,0.375041,7.344828,0.55172414,0.72413793,13,8,0.27586207,0.05128205
inclusive_observations,source_model,internvl3_1b_hf,39,0.06554622,2.615385,0.385267,7.205128,0.51282051,0.82051282,19,7,0.17948718,0.04487179
inclusive_observations,source_model,internvl3_8b_hf,26,0.04369748,2.384615,0.367598,7.269231,0.61538462,0.88461538,10,3,0.11538462,0.01923077
inclusive_observations,source_model,llava_onevision_qwen2_05b_ov,41,0.06890756,3.317073,0.456088,6.926829,0.34146341,0.68292683,27,13,0.31707317,0.08333333
inclusive_observations,source_model,llava_onevision_qwen2_7b_ov_hf,43,0.07226891,3.883721,0.571355,8.186047,0.37209302,0.55813953,27,19,0.44186047,0.12179487
inclusive_observations,source_model,minicpm_v_46,54,0.0907563,2.407407,0.335325,7.740741,0.66666667,0.88888889,18,6,0.11111111,0.03846154
inclusive_observations,source_model,paddleocr_vl_space,47,0.0789916,2.425532,0.345179,6.617021,0.57446809,0.78723404,20,10,0.21276596,0.06410256
inclusive_observations,source_model,qwen25_vl_3b,49,0.08235294,2.836735,0.414035,7.836735,0.55102041,0.81632653,22,9,0.18367347,0.05769231
inclusive_observations,source_model,qwen25_vl_7b,34,0.05714286,2.5,0.38024,7.676471,0.64705882,0.82352941,12,6,0.17647059,0.03846154
inclusive_observations,source_model,qwen3_vl_4b,41,0.06890756,2.487805,0.374632,7.609756,0.6097561,0.87804878,16,5,0.12195122,0.03205128
inclusive_observations,source_model,qwen3_vl_8b,34,0.05714286,2.764706,0.405731,7.970588,0.52941176,0.79411765,16,7,0.20588235,0.04487179
inclusive_observations,source_model,trocr,30,0.05042017,2.466667,0.339061,7.833333,0.66666667,0.9,10,3,0.1,0.01923077
inclusive_observations,target_family,ABASAGLAR,37,0.06218487,2.189189,0.243243,9.162162,0.7027027,0.72972973,11,10,0.27027027,0.06410256
inclusive_observations,target_family,ALBUTEIN,10,0.01680672,2.1,0.2625,7.8,0.8,0.9,2,1,0.1,0.00641026
inclusive_observations,target_family,AMIKACIN,3,0.00504202,5.333333,0.666667,6.333333,0.0,0.33333333,3,2,0.66666667,0.01282051
inclusive_observations,target_family,CALAMINE,1,0.00168067,7.0,0.875,5.0,0.0,0.0,1,1,1.0,0.00641026
inclusive_observations,target_family,CEFIXIME,18,0.0302521,3.388889,0.423611,7.777778,0.33333333,0.72222222,12,5,0.27777778,0.03205128
inclusive_observations,target_family,CELEBREX,8,0.01344538,5.75,0.71875,8.375,0.0,0.125,8,7,0.875,0.04487179
inclusive_observations,target_family,CLEXANE,13,0.02184874,2.0,0.285714,6.769231,0.61538462,0.84615385,5,2,0.15384615,0.01282051
inclusive_observations,target_family,ENTECAVIR,7,0.01176471,2.857143,0.31746,8.0,0.85714286,0.85714286,1,1,0.14285714,0.00641026
inclusive_observations,target_family,GLINTA,4,0.00672269,4.25,0.708333,6.5,0.5,0.5,2,2,0.5,0.01282051
inclusive_observations,target_family,IBUPROFEN,10,0.01680672,3.8,0.422222,8.6,0.6,0.7,4,3,0.3,0.01923077
inclusive_observations,target_family,INDERAL,12,0.02016807,4.5,0.642857,8.333333,0.25,0.58333333,9,5,0.41666667,0.03205128
inclusive_observations,target_family,KATOMOR,10,0.01680672,3.5,0.5,6.7,0.0,0.7,10,3,0.3,0.01923077
inclusive_observations,target_family,KETOROLAC,92,0.15462185,3.195652,0.355072,8.554348,0.55434783,0.83695652,41,15,0.16304348,0.09615385
inclusive_observations,target_family,LACTO,33,0.05546218,2.0,0.4,5.060606,0.78787879,0.84848485,7,5,0.15151515,0.03205128
inclusive_observations,target_family,LANTUS,15,0.02521008,2.533333,0.422222,5.533333,0.26666667,0.33333333,11,10,0.66666667,0.06410256
inclusive_observations,target_family,LASIX,36,0.0605042,1.583333,0.316667,5.083333,0.36111111,0.80555556,23,7,0.19444444,0.04487179
inclusive_observations,target_family,MYOLAX,48,0.08067227,3.6875,0.614583,6.791667,0.4375,0.625,27,18,0.375,0.11538462
inclusive_observations,target_family,NEUROCET,8,0.01344538,4.125,0.515625,8.5,0.375,0.375,5,5,0.625,0.03205128
inclusive_observations,target_family,OSSICA,6,0.01008403,1.833333,0.305556,5.833333,0.83333333,0.83333333,1,1,0.16666667,0.00641026
inclusive_observations,target_family,OSTOCAL,29,0.0487395,2.310345,0.330049,6.655172,0.62068966,0.93103448,11,2,0.06896552,0.01282051
inclusive_observations,target_family,PETHIDINE,22,0.03697479,3.454545,0.383838,8.136364,0.5,0.77272727,11,5,0.22727273,0.03205128
inclusive_observations,target_family,PROGEST,9,0.01512605,2.222222,0.31746,6.666667,0.11111111,0.88888889,8,1,0.11111111,0.00641026
inclusive_observations,target_family,RIVO,24,0.04033613,4.125,1.03125,5.666667,0.25,0.33333333,18,16,0.66666667,0.1025641
inclusive_observations,target_family,RIVOTRIL,88,0.14789916,3.215909,0.401989,7.386364,0.53409091,0.76136364,41,21,0.23863636,0.13461538
inclusive_observations,target_family,TELFAST,10,0.01680672,2.5,0.357143,6.8,0.5,0.9,5,1,0.1,0.00641026
inclusive_observations,target_family,TOCO,10,0.01680672,2.2,0.55,4.6,0.6,0.7,4,3,0.3,0.01923077
inclusive_observations,target_family,VIGOREX,32,0.05378151,2.21875,0.316964,6.46875,0.53125,0.875,15,4,0.125,0.02564103
primary_fair_unique,overall,all,464,1.0,3.185345,0.449554,7.103448,0.4762931,0.7112069,243,134,0.2887931,1.0
primary_fair_unique,analysis_cohort,extreme_distance_prediction,113,0.24353448,6.176991,0.911817,6.637168,0.0,0.07964602,113,104,0.92035398,0.7761194
primary_fair_unique,analysis_cohort,high_distance_prediction,88,0.18965517,3.75,0.49605,7.397727,0.13636364,0.72727273,76,24,0.27272727,0.17910448
primary_fair_unique,analysis_cohort,normalized_exact_match,4,0.00862069,0.0,0.0,6.5,1.0,1.0,0,0,0.0,0.0
primary_fair_unique,analysis_cohort,standard_ocr_error,250,0.5387931,1.756,0.240727,7.284,0.792,0.976,52,6,0.024,0.04477612
primary_fair_unique,analysis_cohort,visible_name_fragment,9,0.01939655,1.222222,0.191534,5.333333,0.77777778,1.0,2,0,0.0,0.0
primary_fair_unique,mistake_type,multi_edit_ocr_error,161,0.34698276,5.63354,0.790407,7.204969,0.0310559,0.25465839,156,120,0.74534161,0.89552239
primary_fair_unique,mistake_type,single_edit_ocr_error,105,0.2262931,1.0,0.155699,6.914286,0.93333333,0.98095238,7,2,0.01904762,0.01492537
primary_fair_unique,mistake_type,two_or_three_edit_ocr_error,184,0.39655172,2.445652,0.340437,7.244565,0.58152174,0.93478261,77,12,0.06521739,0.08955224
primary_fair_unique,mistake_type,visible_prefix_or_suffix_fragment,14,0.03017241,1.142857,0.167772,5.5,0.78571429,1.0,3,0,0.0,0.0
primary_fair_unique,distance_band,0_exact_after_normalization,4,0.00862069,0.0,0.0,6.5,1.0,1.0,0,0,0.0,0.0
primary_fair_unique,distance_band,1_single_edit,112,0.24137931,1.0,0.156257,6.821429,0.9375,0.98214286,7,2,0.01785714,0.01492537
primary_fair_unique,distance_band,2_3_edits,186,0.40086207,2.44086,0.339849,7.22043,0.57526882,0.93548387,79,12,0.06451613,0.08955224
primary_fair_unique,distance_band,4_5_edits,93,0.20043103,4.494624,0.623758,7.107527,0.05376344,0.41935484,88,54,0.58064516,0.40298507
primary_fair_unique,distance_band,6_plus_edits,69,0.1487069,7.15942,1.012624,7.275362,0.0,0.04347826,69,66,0.95652174,0.49253731
primary_fair_unique,difficulty,EASY,102,0.21982759,1.0,0.147067,7.117647,0.95098039,0.98039216,5,2,0.01960784,0.01492537
primary_fair_unique,difficulty,EXACT,4,0.00862069,0.0,0.0,6.5,1.0,1.0,0,0,0.0,0.0
primary_fair_unique,difficulty,EXTREME_REVIEW,113,0.24353448,6.176991,0.911817,6.637168,0.0,0.07964602,113,104,0.92035398,0.7761194
primary_fair_unique,difficulty,HARD,88,0.18965517,3.75,0.49605,7.397727,0.13636364,0.72727273,76,24,0.27272727,0.17910448
primary_fair_unique,difficulty,MEDIUM,157,0.33836207,2.216561,0.298756,7.280255,0.68789809,0.97452229,49,4,0.02547771,0.02985075
primary_fair_unique,danger,CAUTION,217,0.46767241,4.820276,0.69426,6.741935,0.11520737,0.40552995,192,129,0.59447005,0.96268657
primary_fair_unique,danger,SAFE,247,0.53232759,1.748988,0.23457,7.421053,0.79352227,0.97975709,51,5,0.02024291,0.03731343
primary_fair_unique,operation_profile,extra_characters_only,28,0.06034483,1.214286,0.206236,8.321429,0.92857143,0.92857143,2,2,0.07142857,0.01492537
primary_fair_unique,operation_profile,missing_characters_only,30,0.06465517,1.466667,0.21664,5.333333,0.8,0.96666667,6,1,0.03333333,0.00746269
primary_fair_unique,operation_profile,mixed_operations,247,0.53232759,4.376518,0.608341,7.190283,0.23076923,0.53441296,190,115,0.46558704,0.85820896
primary_fair_unique,operation_profile,substitutions_only,159,0.34267241,2.006289,0.28968,7.08805,0.71698113,0.89937107,45,16,0.10062893,0.11940299
primary_fair_unique,source_addition_count,0,291,0.62715517,2.783505,0.417039,7.917526,0.59793814,0.80756014,117,56,0.19243986,0.41791045
primary_fair_unique,source_addition_count,1,95,0.20474138,2.863158,0.381466,6.494737,0.46315789,0.76842105,51,22,0.23157895,0.1641791
primary_fair_unique,source_addition_count,2,39,0.08405172,3.871795,0.53255,5.435897,0.07692308,0.48717949,36,20,0.51282051,0.14925373
primary_fair_unique,source_addition_count,3_plus,39,0.08405172,6.282051,0.775031,4.179487,0.0,0.07692308,39,36,0.92307692,0.26865672
primary_fair_unique,source_deletion_count,0,321,0.69181034,2.928349,0.396802,6.330218,0.48909657,0.71962617,164,90,0.28037383,0.67164179
primary_fair_unique,source_deletion_count,1,79,0.17025862,2.582278,0.348478,8.240506,0.59493671,0.89873418,32,8,0.10126582,0.05970149
primary_fair_unique,source_deletion_count,2,32,0.06896552,3.75,0.543564,9.0,0.46875,0.6875,17,10,0.3125,0.07462687
primary_fair_unique,source_deletion_count,3_plus,32,0.06896552,6.6875,1.134251,10.15625,0.0625,0.1875,30,26,0.8125,0.19402985
primary_fair_unique,source_replacement_count,0,60,0.12931034,1.366667,0.214087,6.783333,0.86666667,0.95,8,3,0.05,0.02238806
primary_fair_unique,source_replacement_count,1,140,0.30172414,2.0,0.294033,6.614286,0.67857143,0.87857143,45,17,0.12142857,0.12686567
primary_fair_unique,source_replacement_count,2,124,0.26724138,2.895161,0.404957,7.241935,0.50806452,0.7983871,61,25,0.2016129,0.18656716
primary_fair_unique,source_replacement_count,3_plus,140,0.30172414,5.407143,0.74549,7.607143,0.07857143,0.36428571,129,89,0.63571429,0.6641791
primary_fair_unique,length_direction,equal_length,167,0.35991379,2.08982,0.298104,7.125749,0.70658683,0.89221557,49,18,0.10778443,0.13432836
primary_fair_unique,length_direction,ocr_output_longer,134,0.2887931,3.753731,0.573661,8.91791,0.44776119,0.69402985,74,41,0.30597015,0.30597015
primary_fair_unique,length_direction,ocr_output_shorter,163,0.3512931,3.840491,0.502695,5.588957,0.26380368,0.5398773,120,75,0.4601227,0.55970149
primary_fair_unique,query_length_band,10_plus_characters,57,0.12284483,4.491228,0.614696,10.491228,0.45614035,0.66666667,31,19,0.33333333,0.14179104
primary_fair_unique,query_length_band,1_3_characters,19,0.04094828,5.052632,0.777339,2.526316,0.10526316,0.15789474,17,16,0.84210526,0.11940299
primary_fair_unique,query_length_band,4_5_characters,90,0.19396552,2.944444,0.453624,4.7,0.42222222,0.62222222,52,34,0.37777778,0.25373134
primary_fair_unique,query_length_band,6_7_characters,165,0.35560345,2.884848,0.416999,6.630303,0.45454545,0.75151515,90,41,0.24848485,0.30597015
primary_fair_unique,query_length_band,8_9_characters,133,0.28663793,2.894737,0.369588,8.518797,0.60150376,0.81954887,53,24,0.18045113,0.17910448
primary_fair_unique,shared_character_band,0_shared_characters,9,0.01939655,6.444444,1.166667,3.888889,0.0,0.0,9,9,1.0,0.06716418
primary_fair_unique,shared_character_band,1_shared_character,22,0.04741379,6.227273,0.990025,4.181818,0.0,0.0,22,22,1.0,0.1641791
primary_fair_unique,shared_character_band,2_plus_shared_characters,433,0.93318966,2.963048,0.407189,7.318707,0.51039261,0.76212471,212,103,0.23787529,0.76865672
primary_fair_unique,shared_bigram_band,0_shared_bigrams,64,0.13793103,6.421875,0.981219,5.609375,0.015625,0.015625,63,63,0.984375,0.47014925
primary_fair_unique,shared_bigram_band,1_shared_bigram,61,0.13146552,3.901639,0.572957,5.803279,0.14754098,0.45901639,52,33,0.54098361,0.24626866
primary_fair_unique,shared_bigram_band,2_plus_shared_bigrams,339,0.73060345,2.445428,0.326976,7.619469,0.62241888,0.8879056,128,38,0.1120944,0.28358209
primary_fair_unique,ocr_output_catalog_status,names_a_catalog_family,3,0.00646552,0.0,0.0,5.666667,1.0,1.0,0,0,0.0,0.0
primary_fair_unique,ocr_output_catalog_status,not_a_catalog_family,461,0.99353448,3.206074,0.45248,7.112798,0.47288503,0.70932755,243,134,0.29067245,1.0
primary_fair_unique,source_model,easyocr,72,0.15517241,4.861111,0.656432,4.888889,0.16666667,0.30555556,60,50,0.69444444,0.37313433
primary_fair_unique,source_model,got_ocr2,46,0.09913793,2.565217,0.377415,7.086957,0.52173913,0.80434783,22,9,0.19565217,0.06716418
primary_fair_unique,source_model,internvl3_14b_hf,23,0.04956897,2.565217,0.409955,7.26087,0.52173913,0.73913043,11,6,0.26086957,0.04477612
primary_fair_unique,source_model,internvl3_1b_hf,25,0.05387931,2.92,0.411333,7.48,0.48,0.76,13,6,0.24,0.04477612
primary_fair_unique,source_model,internvl3_8b_hf,17,0.03663793,2.647059,0.420425,7.352941,0.58823529,0.82352941,7,3,0.17647059,0.02238806
primary_fair_unique,source_model,llava_onevision_qwen2_05b_ov,38,0.08189655,3.5,0.478279,7.026316,0.34210526,0.65789474,25,13,0.34210526,0.09701493
primary_fair_unique,source_model,llava_onevision_qwen2_7b_ov_hf,33,0.07112069,4.060606,0.60766,8.212121,0.36363636,0.57575758,21,14,0.42424242,0.10447761
primary_fair_unique,source_model,minicpm_v_46,39,0.08405172,2.461538,0.329101,7.923077,0.69230769,0.92307692,12,3,0.07692308,0.02238806
primary_fair_unique,source_model,paddleocr_vl_space,35,0.07543103,2.628571,0.359977,6.257143,0.48571429,0.77142857,18,8,0.22857143,0.05970149
primary_fair_unique,source_model,qwen25_vl_3b,37,0.07974138,3.027027,0.425107,8.0,0.51351351,0.81081081,18,7,0.18918919,0.05223881
primary_fair_unique,source_model,qwen25_vl_7b,22,0.04741379,2.636364,0.36333,7.954545,0.72727273,0.81818182,6,4,0.18181818,0.02985075
primary_fair_unique,source_model,qwen3_vl_4b,25,0.05387931,2.56,0.37827,7.36,0.68,0.92,8,2,0.08,0.01492537
primary_fair_unique,source_model,qwen3_vl_8b,25,0.05387931,3.0,0.435317,8.04,0.48,0.76,13,6,0.24,0.04477612
primary_fair_unique,source_model,trocr,27,0.05818966,2.555556,0.347634,8.037037,0.66666667,0.88888889,9,3,0.11111111,0.02238806
primary_fair_unique,target_family,ABASAGLAR,30,0.06465517,2.533333,0.281481,9.066667,0.63333333,0.66666667,11,10,0.33333333,0.07462687
primary_fair_unique,target_family,ALBUTEIN,9,0.01939655,2.222222,0.277778,7.777778,0.77777778,0.88888889,2,1,0.11111111,0.00746269
primary_fair_unique,target_family,AMIKACIN,3,0.00646552,5.333333,0.666667,6.333333,0.0,0.33333333,3,2,0.66666667,0.01492537
primary_fair_unique,target_family,CALAMINE,1,0.00215517,7.0,0.875,5.0,0.0,0.0,1,1,1.0,0.00746269
primary_fair_unique,target_family,CEFIXIME,13,0.02801724,3.384615,0.423077,7.615385,0.30769231,0.69230769,9,4,0.30769231,0.02985075
primary_fair_unique,target_family,CELEBREX,7,0.01508621,5.714286,0.714286,8.285714,0.0,0.14285714,7,6,0.85714286,0.04477612
primary_fair_unique,target_family,CLEXANE,10,0.02155172,2.0,0.285714,6.9,0.6,0.9,4,1,0.1,0.00746269
primary_fair_unique,target_family,ENTECAVIR,5,0.01077586,3.2,0.355556,7.6,0.8,0.8,1,1,0.2,0.00746269
primary_fair_unique,target_family,GLINTA,4,0.00862069,4.25,0.708333,6.5,0.5,0.5,2,2,0.5,0.01492537
primary_fair_unique,target_family,IBUPROFEN,9,0.01939655,4.111111,0.45679,8.555556,0.55555556,0.66666667,4,3,0.33333333,0.02238806
primary_fair_unique,target_family,INDERAL,9,0.01939655,3.666667,0.52381,7.111111,0.33333333,0.77777778,6,2,0.22222222,0.01492537
primary_fair_unique,target_family,KATOMOR,5,0.01077586,3.6,0.514286,6.2,0.0,0.6,5,2,0.4,0.01492537
primary_fair_unique,target_family,KETOROLAC,69,0.1487069,3.666667,0.407407,8.42029,0.49275362,0.7826087,35,15,0.2173913,0.1119403
primary_fair_unique,target_family,LACTO,20,0.04310345,2.5,0.5,5.1,0.65,0.75,7,5,0.25,0.03731343
primary_fair_unique,target_family,LANTUS,14,0.03017241,2.642857,0.440476,5.571429,0.21428571,0.28571429,11,10,0.71428571,0.07462687
primary_fair_unique,target_family,LASIX,22,0.04741379,1.818182,0.363636,5.227273,0.5,0.77272727,11,5,0.22727273,0.03731343
primary_fair_unique,target_family,MYOLAX,45,0.09698276,3.688889,0.614815,6.733333,0.42222222,0.62222222,26,17,0.37777778,0.12686567
primary_fair_unique,target_family,NEUROCET,5,0.01077586,4.2,0.525,8.2,0.6,0.6,2,2,0.4,0.01492537
primary_fair_unique,target_family,OSSICA,6,0.01293103,1.833333,0.305556,5.833333,0.83333333,0.83333333,1,1,0.16666667,0.00746269
primary_fair_unique,target_family,OSTOCAL,25,0.05387931,2.44,0.348571,6.68,0.6,0.92,10,2,0.08,0.01492537
primary_fair_unique,target_family,PETHIDINE,15,0.03232759,4.6,0.511111,7.733333,0.26666667,0.66666667,11,5,0.33333333,0.03731343
primary_fair_unique,target_family,PROGEST,5,0.01077586,2.0,0.285714,6.6,0.2,1.0,4,0,0.0,0.0
primary_fair_unique,target_family,RIVO,15,0.03232759,3.8,0.95,5.2,0.26666667,0.4,11,9,0.6,0.06716418
primary_fair_unique,target_family,RIVOTRIL,76,0.1637931,3.381579,0.422697,7.394737,0.48684211,0.73684211,39,20,0.26315789,0.14925373
primary_fair_unique,target_family,TELFAST,9,0.01939655,2.666667,0.380952,6.777778,0.44444444,0.88888889,5,1,0.11111111,0.00746269
primary_fair_unique,target_family,TOCO,9,0.01939655,2.333333,0.583333,4.666667,0.55555556,0.66666667,4,3,0.33333333,0.02238806
primary_fair_unique,target_family,VIGOREX,24,0.05172414,2.375,0.339286,6.416667,0.54166667,0.83333333,11,4,0.16666667,0.02985075
primary_development,overall,all,371,1.0,3.299191,0.465425,7.183288,0.47978437,0.70619946,193,109,0.29380054,1.0
primary_development,analysis_cohort,extreme_distance_prediction,95,0.25606469,6.231579,0.926792,6.673684,0.0,0.07368421,95,88,0.92631579,0.80733945
primary_development,analysis_cohort,high_distance_prediction,71,0.19137466,3.873239,0.502146,7.577465,0.14084507,0.71830986,61,20,0.28169014,0.18348624
primary_development,analysis_cohort,normalized_exact_match,3,0.00808625,0.0,0.0,6.333333,1.0,1.0,0,0,0.0,0.0
primary_development,analysis_cohort,standard_ocr_error,197,0.5309973,1.781726,0.243389,7.360406,0.81725888,0.99492386,36,1,0.00507614,0.00917431
primary_development,analysis_cohort,visible_name_fragment,5,0.01347709,1.2,0.205476,4.8,0.8,1.0,1,0,0.0,0.0
primary_development,mistake_type,multi_edit_ocr_error,139,0.37466307,5.647482,0.791735,7.294964,0.03597122,0.25899281,134,103,0.74100719,0.94495413
primary_development,mistake_type,single_edit_ocr_error,81,0.21832884,1.0,0.159676,6.91358,0.9382716,0.98765432,5,1,0.01234568,0.00917431
primary_development,mistake_type,two_or_three_edit_ocr_error,142,0.38274933,2.443662,0.338277,7.359155,0.63380282,0.96478873,52,5,0.03521127,0.04587156
primary_development,mistake_type,visible_prefix_or_suffix_fragment,9,0.02425876,1.222222,0.183598,5.111111,0.77777778,1.0,2,0,0.0,0.0
primary_development,distance_band,0_exact_after_normalization,3,0.00808625,0.0,0.0,6.333333,1.0,1.0,0,0,0.0,0.0
primary_development,distance_band,1_single_edit,85,0.22911051,1.0,0.160887,6.811765,0.94117647,0.98823529,5,1,0.01176471,0.00917431
primary_development,distance_band,2_3_edits,143,0.38544474,2.440559,0.337909,7.342657,0.62937063,0.96503497,53,5,0.03496503,0.04587156
primary_development,distance_band,4_5_edits,77,0.20754717,4.441558,0.614842,7.337662,0.06493506,0.45454545,72,42,0.54545455,0.3853211
primary_development,distance_band,6_plus_edits,63,0.16981132,7.111111,1.005291,7.174603,0.0,0.03174603,63,61,0.96825397,0.55963303
primary_development,difficulty,EASY,75,0.20215633,1.0,0.149005,7.213333,0.96,0.98666667,3,1,0.01333333,0.00917431
primary_development,difficulty,EXACT,3,0.00808625,0.0,0.0,6.333333,1.0,1.0,0,0,0.0,0.0
primary_development,difficulty,EXTREME_REVIEW,95,0.25606469,6.231579,0.926792,6.673684,0.0,0.07368421,95,88,0.92631579,0.80733945
primary_development,difficulty,HARD,71,0.19137466,3.873239,0.502146,7.577465,0.14084507,0.71830986,61,20,0.28169014,0.18348624
primary_development,difficulty,MEDIUM,127,0.34231806,2.220472,0.297635,7.346457,0.73228346,1.0,34,0,0.0,0.0
primary_development,danger,CAUTION,181,0.48787062,4.878453,0.703486,6.79558,0.12707182,0.40331492,158,108,0.59668508,0.99082569
primary_development,danger,SAFE,190,0.51212938,1.794737,0.23864,7.552632,0.81578947,0.99473684,35,1,0.00526316,0.00917431
primary_development,operation_profile,extra_characters_only,26,0.07008086,1.269231,0.216606,8.384615,0.92307692,0.92307692,2,2,0.07692308,0.01834862
primary_development,operation_profile,missing_characters_only,18,0.04851752,1.611111,0.237831,5.111111,0.77777778,1.0,4,0,0.0,0.0
primary_development,operation_profile,mixed_operations,204,0.54986523,4.460784,0.618495,7.279412,0.23529412,0.5245098,156,97,0.4754902,0.88990826
primary_development,operation_profile,substitutions_only,123,0.33153639,2.04878,0.297455,7.073171,0.74796748,0.91869919,31,10,0.08130081,0.09174312
primary_development,source_addition_count,0,238,0.64150943,2.857143,0.432069,7.945378,0.60504202,0.79831933,94,48,0.20168067,0.44036697
primary_development,source_addition_count,1,71,0.19137466,3.084507,0.403689,6.633803,0.45070423,0.77464789,39,16,0.22535211,0.14678899
primary_development,source_addition_count,2,30,0.08086253,4.0,0.544894,5.566667,0.06666667,0.46666667,28,16,0.53333333,0.14678899
primary_development,source_addition_count,3_plus,32,0.08625337,6.40625,0.77598,4.25,0.0,0.09375,32,29,0.90625,0.26605505
primary_development,source_deletion_count,0,247,0.66576819,3.064777,0.410957,6.360324,0.49797571,0.72469636,124,68,0.27530364,0.62385321
primary_development,source_deletion_count,1,67,0.18059299,2.552239,0.346215,8.238806,0.58208955,0.89552239,28,7,0.10447761,0.06422018
primary_development,source_deletion_count,2,29,0.07816712,3.862069,0.562849,9.068966,0.48275862,0.65517241,15,10,0.34482759,0.09174312
primary_development,source_deletion_count,3_plus,28,0.0754717,6.571429,1.130258,9.964286,0.07142857,0.14285714,26,24,0.85714286,0.22018349
primary_development,source_replacement_count,0,46,0.12398922,1.434783,0.227916,7.043478,0.86956522,0.95652174,6,2,0.04347826,0.01834862
primary_development,source_replacement_count,1,110,0.29649596,2.072727,0.307973,6.554545,0.68181818,0.89090909,35,12,0.10909091,0.11009174
primary_development,source_replacement_count,2,91,0.24528302,2.835165,0.39877,7.384615,0.58241758,0.8021978,38,18,0.1978022,0.16513761
primary_development,source_replacement_count,3_plus,124,0.33423181,5.419355,0.742124,7.645161,0.08064516,0.37903226,114,77,0.62096774,0.70642202
primary_development,length_direction,equal_length,130,0.35040431,2.146154,0.307201,7.115385,0.73076923,0.90769231,35,12,0.09230769,0.11009174
primary_development,length_direction,ocr_output_longer,117,0.31536388,3.760684,0.579633,8.880342,0.44444444,0.66666667,65,39,0.33333333,0.35779817
primary_development,length_direction,ocr_output_shorter,124,0.33423181,4.072581,0.523544,5.653226,0.25,0.53225806,93,58,0.46774194,0.53211009
primary_development,query_length_band,10_plus_characters,51,0.13746631,4.294118,0.579521,10.431373,0.49019608,0.66666667,26,17,0.33333333,0.1559633
primary_development,query_length_band,1_3_characters,16,0.04312668,4.875,0.763368,2.5,0.125,0.1875,14,13,0.8125,0.11926606
primary_development,query_length_band,4_5_characters,71,0.19137466,2.901408,0.453957,4.661972,0.46478873,0.67605634,38,23,0.32394366,0.21100917
primary_development,query_length_band,6_7_characters,122,0.32884097,3.147541,0.457123,6.631148,0.43442623,0.7295082,69,33,0.2704918,0.30275229
primary_development,query_length_band,8_9_characters,111,0.29919137,3.036036,0.386515,8.585586,0.58558559,0.79279279,46,23,0.20720721,0.21100917
primary_development,shared_character_band,0_shared_characters,9,0.02425876,6.444444,1.166667,3.888889,0.0,0.0,9,9,1.0,0.08256881
primary_development,shared_character_band,1_shared_character,19,0.05121294,6.263158,1.011842,4.421053,0.0,0.0,19,19,1.0,0.17431193
primary_development,shared_character_band,2_plus_shared_characters,343,0.9245283,3.052478,0.416757,7.422741,0.51895044,0.7638484,165,81,0.2361516,0.74311927
primary_development,shared_bigram_band,0_shared_bigrams,59,0.15902965,6.474576,0.99624,5.728814,0.01694915,0.01694915,58,58,0.98305085,0.53211009
primary_development,shared_bigram_band,1_shared_bigram,52,0.14016173,3.788462,0.563607,5.923077,0.17307692,0.48076923,43,27,0.51923077,0.24770642
primary_development,shared_bigram_band,2_plus_shared_bigrams,260,0.70080863,2.480769,0.325334,7.765385,0.64615385,0.90769231,92,24,0.09230769,0.22018349
primary_development,ocr_output_catalog_status,names_a_catalog_family,2,0.00539084,0.0,0.0,5.0,1.0,1.0,0,0,0.0,0.0
primary_development,ocr_output_catalog_status,not_a_catalog_family,369,0.99460916,3.317073,0.467947,7.195122,0.47696477,0.70460705,193,109,0.29539295,1.0
primary_development,source_model,easyocr,60,0.16172507,4.9,0.657427,4.983333,0.2,0.31666667,48,41,0.68333333,0.37614679
primary_development,source_model,got_ocr2,34,0.0916442,2.794118,0.418476,7.235294,0.52941176,0.79411765,16,7,0.20588235,0.06422018
primary_development,source_model,internvl3_14b_hf,19,0.05121294,2.736842,0.44081,7.473684,0.47368421,0.73684211,10,5,0.26315789,0.04587156
primary_development,source_model,internvl3_1b_hf,20,0.05390836,2.85,0.393929,7.75,0.55,0.8,9,4,0.2,0.03669725
primary_development,source_model,internvl3_8b_hf,15,0.04043127,2.8,0.450291,7.266667,0.6,0.8,6,3,0.2,0.02752294
primary_development,source_model,llava_onevision_qwen2_05b_ov,33,0.08894879,3.666667,0.501503,6.939394,0.27272727,0.60606061,24,13,0.39393939,0.11926606
primary_development,source_model,llava_onevision_qwen2_7b_ov_hf,25,0.06738544,4.0,0.596714,7.92,0.36,0.52,16,12,0.48,0.11009174
primary_development,source_model,minicpm_v_46,33,0.08894879,2.484848,0.33266,8.030303,0.75757576,0.93939394,8,2,0.06060606,0.01834862
primary_development,source_model,paddleocr_vl_space,26,0.07008086,2.884615,0.390034,6.307692,0.46153846,0.76923077,14,6,0.23076923,0.05504587
primary_development,source_model,qwen25_vl_3b,28,0.0754717,3.107143,0.4393,8.214286,0.53571429,0.82142857,13,5,0.17857143,0.04587156
primary_development,source_model,qwen25_vl_7b,16,0.04312668,2.875,0.389087,8.4375,0.75,0.875,4,2,0.125,0.01834862
primary_development,source_model,qwen3_vl_4b,20,0.05390836,2.7,0.406964,7.35,0.65,0.9,7,2,0.1,0.01834862
primary_development,source_model,qwen3_vl_8b,18,0.04851752,3.222222,0.472002,8.388889,0.44444444,0.72222222,10,5,0.27777778,0.04587156
primary_development,source_model,trocr,24,0.06469003,2.541667,0.343469,8.125,0.66666667,0.91666667,8,2,0.08333333,0.01834862
primary_development,target_family,ABASAGLAR,30,0.08086253,2.533333,0.281481,9.066667,0.63333333,0.66666667,11,10,0.33333333,0.09174312
primary_development,target_family,AMIKACIN,3,0.00808625,5.333333,0.666667,6.333333,0.0,0.33333333,3,2,0.66666667,0.01834862
primary_development,target_family,CALAMINE,1,0.00269542,7.0,0.875,5.0,0.0,0.0,1,1,1.0,0.00917431
primary_development,target_family,CELEBREX,7,0.01886792,5.714286,0.714286,8.285714,0.0,0.14285714,7,6,0.85714286,0.05504587
primary_development,target_family,IBUPROFEN,9,0.02425876,4.111111,0.45679,8.555556,0.55555556,0.66666667,4,3,0.33333333,0.02752294
primary_development,target_family,KATOMOR,5,0.01347709,3.6,0.514286,6.2,0.0,0.6,5,2,0.4,0.01834862
primary_development,target_family,KETOROLAC,69,0.18598383,3.666667,0.407407,8.42029,0.49275362,0.7826087,35,15,0.2173913,0.13761468
primary_development,target_family,LACTO,20,0.05390836,2.5,0.5,5.1,0.65,0.75,7,5,0.25,0.04587156
primary_development,target_family,LASIX,22,0.05929919,1.818182,0.363636,5.227273,0.5,0.77272727,11,5,0.22727273,0.04587156
primary_development,target_family,MYOLAX,45,0.1212938,3.688889,0.614815,6.733333,0.42222222,0.62222222,26,17,0.37777778,0.1559633
primary_development,target_family,NEUROCET,5,0.01347709,4.2,0.525,8.2,0.6,0.6,2,2,0.4,0.01834862
primary_development,target_family,OSSICA,6,0.01617251,1.833333,0.305556,5.833333,0.83333333,0.83333333,1,1,0.16666667,0.00917431
primary_development,target_family,OSTOCAL,25,0.06738544,2.44,0.348571,6.68,0.6,0.92,10,2,0.08,0.01834862
primary_development,target_family,PETHIDINE,15,0.04043127,4.6,0.511111,7.733333,0.26666667,0.66666667,11,5,0.33333333,0.04587156
primary_development,target_family,RIVO,15,0.04043127,3.8,0.95,5.2,0.26666667,0.4,11,9,0.6,0.08256881
primary_development,target_family,RIVOTRIL,76,0.20485175,3.381579,0.422697,7.394737,0.48684211,0.73684211,39,20,0.26315789,0.18348624
primary_development,target_family,TELFAST,9,0.02425876,2.666667,0.380952,6.777778,0.44444444,0.88888889,5,1,0.11111111,0.00917431
primary_development,target_family,TOCO,9,0.02425876,2.333333,0.583333,4.666667,0.55555556,0.66666667,4,3,0.33333333,0.02752294
primary_holdout,overall,all,93,1.0,2.731183,0.386243,6.784946,0.46236559,0.7311828,50,25,0.2688172,1.0
primary_holdout,analysis_cohort,extreme_distance_prediction,18,0.19354839,5.888889,0.832782,6.444444,0.0,0.11111111,18,16,0.88888889,0.64
primary_holdout,analysis_cohort,high_distance_prediction,17,0.1827957,3.235294,0.470588,6.647059,0.11764706,0.76470588,15,4,0.23529412,0.16
primary_holdout,analysis_cohort,normalized_exact_match,1,0.01075269,0.0,0.0,7.0,1.0,1.0,0,0,0.0,0.0
primary_holdout,analysis_cohort,standard_ocr_error,53,0.56989247,1.660377,0.230833,7.0,0.69811321,0.90566038,16,5,0.09433962,0.2
primary_holdout,analysis_cohort,visible_name_fragment,4,0.04301075,1.25,0.174107,6.0,0.75,1.0,1,0,0.0,0.0
primary_holdout,mistake_type,multi_edit_ocr_error,22,0.23655914,5.545455,0.782017,6.636364,0.0,0.22727273,22,17,0.77272727,0.68
primary_holdout,mistake_type,single_edit_ocr_error,24,0.25806452,1.0,0.142278,6.916667,0.91666667,0.95833333,2,1,0.04166667,0.04
primary_holdout,mistake_type,two_or_three_edit_ocr_error,42,0.4516129,2.452381,0.347742,6.857143,0.4047619,0.83333333,25,7,0.16666667,0.28
primary_holdout,mistake_type,visible_prefix_or_suffix_fragment,5,0.05376344,1.0,0.139286,6.2,0.8,1.0,1,0,0.0,0.0
primary_holdout,distance_band,0_exact_after_normalization,1,0.01075269,0.0,0.0,7.0,1.0,1.0,0,0,0.0,0.0
primary_holdout,distance_band,1_single_edit,27,0.29032258,1.0,0.141681,6.851852,0.92592593,0.96296296,2,1,0.03703704,0.04
primary_holdout,distance_band,2_3_edits,43,0.46236559,2.44186,0.346299,6.813953,0.39534884,0.8372093,26,7,0.1627907,0.28
primary_holdout,distance_band,4_5_edits,16,0.17204301,4.75,0.666667,6.0,0.0,0.25,16,12,0.75,0.48
primary_holdout,distance_band,6_plus_edits,6,0.06451613,7.666667,1.089616,8.333333,0.0,0.16666667,6,5,0.83333333,0.2
primary_holdout,difficulty,EASY,27,0.29032258,1.0,0.141681,6.851852,0.92592593,0.96296296,2,1,0.03703704,0.04
primary_holdout,difficulty,EXACT,1,0.01075269,0.0,0.0,7.0,1.0,1.0,0,0,0.0,0.0
primary_holdout,difficulty,EXTREME_REVIEW,18,0.19354839,5.888889,0.832782,6.444444,0.0,0.11111111,18,16,0.88888889,0.64
primary_holdout,difficulty,HARD,17,0.1827957,3.235294,0.470588,6.647059,0.11764706,0.76470588,15,4,0.23529412,0.16
primary_holdout,difficulty,MEDIUM,30,0.32258065,2.2,0.303505,7.0,0.5,0.86666667,15,4,0.13333333,0.16
primary_holdout,danger,CAUTION,36,0.38709677,4.527778,0.647873,6.472222,0.05555556,0.41666667,34,21,0.58333333,0.84
primary_holdout,danger,SAFE,57,0.61290323,1.596491,0.221004,6.982456,0.71929825,0.92982456,16,4,0.07017544,0.16
primary_holdout,operation_profile,extra_characters_only,2,0.02150538,0.5,0.071429,7.5,1.0,1.0,0,0,0.0,0.0
primary_holdout,operation_profile,missing_characters_only,12,0.12903226,1.25,0.184854,5.666667,0.83333333,0.91666667,2,1,0.08333333,0.04
primary_holdout,operation_profile,mixed_operations,43,0.46236559,3.976744,0.56017,6.767442,0.20930233,0.58139535,34,18,0.41860465,0.72
primary_holdout,operation_profile,substitutions_only,36,0.38709677,1.861111,0.263117,7.138889,0.61111111,0.83333333,14,6,0.16666667,0.24
primary_holdout,source_addition_count,0,53,0.56989247,2.45283,0.349543,7.792453,0.56603774,0.8490566,23,8,0.1509434,0.32
primary_holdout,source_addition_count,1,24,0.25806452,2.208333,0.315724,6.083333,0.5,0.75,12,6,0.25,0.24
primary_holdout,source_addition_count,2,9,0.09677419,3.444444,0.491402,5.0,0.11111111,0.55555556,8,4,0.44444444,0.16
primary_holdout,source_addition_count,3_plus,7,0.07526882,5.714286,0.770692,3.857143,0.0,0.0,7,7,1.0,0.28
primary_holdout,source_deletion_count,0,74,0.79569892,2.472973,0.349555,6.22973,0.45945946,0.7027027,40,22,0.2972973,0.88
primary_holdout,source_deletion_count,1,12,0.12903226,2.75,0.361111,8.25,0.66666667,0.91666667,4,1,0.08333333,0.04
primary_holdout,source_deletion_count,2,3,0.03225806,2.666667,0.357143,8.333333,0.33333333,1.0,2,0,0.0,0.0
primary_holdout,source_deletion_count,3_plus,4,0.04301075,7.5,1.162202,11.5,0.0,0.5,4,2,0.5,0.08
primary_holdout,source_replacement_count,0,14,0.15053763,1.142857,0.168651,5.928571,0.85714286,0.92857143,2,1,0.07142857,0.04
primary_holdout,source_replacement_count,1,30,0.32258065,1.733333,0.242923,6.833333,0.66666667,0.83333333,10,5,0.16666667,0.2
primary_holdout,source_replacement_count,2,33,0.35483871,3.060606,0.422018,6.848485,0.3030303,0.78787879,23,7,0.21212121,0.28
primary_holdout,source_replacement_count,3_plus,16,0.17204301,5.3125,0.771577,7.3125,0.0625,0.25,15,12,0.75,0.48
primary_holdout,length_direction,equal_length,37,0.39784946,1.891892,0.266141,7.162162,0.62162162,0.83783784,14,6,0.16216216,0.24
primary_holdout,length_direction,ocr_output_longer,17,0.1827957,3.705882,0.532563,9.176471,0.47058824,0.88235294,9,2,0.11764706,0.08
primary_holdout,length_direction,ocr_output_shorter,39,0.41935484,3.102564,0.436406,5.384615,0.30769231,0.56410256,27,17,0.43589744,0.68
primary_holdout,query_length_band,10_plus_characters,6,0.06451613,6.166667,0.91369,11.0,0.16666667,0.66666667,5,2,0.33333333,0.08
primary_holdout,query_length_band,1_3_characters,3,0.03225806,6.0,0.851852,2.666667,0.0,0.0,3,3,1.0,0.12
primary_holdout,query_length_band,4_5_characters,19,0.20430108,3.105263,0.452381,4.842105,0.26315789,0.42105263,14,11,0.57894737,0.44
primary_holdout,query_length_band,6_7_characters,43,0.46236559,2.139535,0.303156,6.627907,0.51162791,0.81395349,21,8,0.18604651,0.32
primary_holdout,query_length_band,8_9_characters,22,0.23655914,2.181818,0.284181,8.181818,0.68181818,0.95454545,7,1,0.04545455,0.04
primary_holdout,shared_character_band,1_shared_character,3,0.03225806,6.0,0.851852,2.666667,0.0,0.0,3,3,1.0,0.12
primary_holdout,shared_character_band,2_plus_shared_characters,90,0.96774194,2.622222,0.370723,6.922222,0.47777778,0.75555556,47,22,0.24444444,0.88
primary_holdout,shared_bigram_band,0_shared_bigrams,5,0.05376344,5.8,0.803968,4.2,0.0,0.0,5,5,1.0,0.2
primary_holdout,shared_bigram_band,1_shared_bigram,9,0.09677419,4.555556,0.626984,5.111111,0.0,0.33333333,9,6,0.66666667,0.24
primary_holdout,shared_bigram_band,2_plus_shared_bigrams,79,0.84946237,2.329114,0.332379,7.139241,0.5443038,0.82278481,36,14,0.17721519,0.56
primary_holdout,ocr_output_catalog_status,names_a_catalog_family,1,0.01075269,0.0,0.0,7.0,1.0,1.0,0,0,0.0,0.0
primary_holdout,ocr_output_catalog_status,not_a_catalog_family,92,0.98924731,2.76087,0.390442,6.782609,0.45652174,0.72826087,50,25,0.27173913,1.0
primary_holdout,source_model,easyocr,12,0.12903226,4.666667,0.651455,4.416667,0.0,0.25,12,9,0.75,0.36
primary_holdout,source_model,got_ocr2,12,0.12903226,1.916667,0.261078,6.666667,0.5,0.83333333,6,2,0.16666667,0.08
primary_holdout,source_model,internvl3_14b_hf,4,0.04301075,1.75,0.263393,6.25,0.75,0.75,1,1,0.25,0.04
primary_holdout,source_model,internvl3_1b_hf,5,0.05376344,3.2,0.480952,6.4,0.2,0.6,4,2,0.4,0.08
primary_holdout,source_model,internvl3_8b_hf,2,0.02150538,1.5,0.196429,8.0,0.5,1.0,1,0,0.0,0.0
primary_holdout,source_model,llava_onevision_qwen2_05b_ov,5,0.05376344,2.4,0.325,7.6,0.8,1.0,1,0,0.0,0.0
primary_holdout,source_model,llava_onevision_qwen2_7b_ov_hf,8,0.08602151,4.25,0.641865,9.125,0.375,0.75,5,2,0.25,0.08
primary_holdout,source_model,minicpm_v_46,6,0.06451613,2.333333,0.309524,7.333333,0.33333333,0.83333333,4,1,0.16666667,0.04
primary_holdout,source_model,paddleocr_vl_space,9,0.09677419,1.888889,0.273148,6.111111,0.55555556,0.77777778,4,2,0.22222222,0.08
primary_holdout,source_model,qwen25_vl_3b,9,0.09677419,2.777778,0.380952,7.333333,0.44444444,0.77777778,5,2,0.22222222,0.08
primary_holdout,source_model,qwen25_vl_7b,6,0.06451613,2.0,0.294643,6.666667,0.66666667,0.66666667,2,2,0.33333333,0.08
primary_holdout,source_model,qwen3_vl_4b,5,0.05376344,2.0,0.263492,7.4,0.8,1.0,1,0,0.0,0.0
primary_holdout,source_model,qwen3_vl_8b,7,0.07526882,2.428571,0.340986,7.142857,0.57142857,0.85714286,3,1,0.14285714,0.04
primary_holdout,source_model,trocr,3,0.03225806,2.666667,0.380952,7.333333,0.66666667,0.66666667,1,1,0.33333333,0.04
primary_holdout,target_family,ALBUTEIN,9,0.09677419,2.222222,0.277778,7.777778,0.77777778,0.88888889,2,1,0.11111111,0.04
primary_holdout,target_family,CEFIXIME,13,0.13978495,3.384615,0.423077,7.615385,0.30769231,0.69230769,9,4,0.30769231,0.16
primary_holdout,target_family,CLEXANE,10,0.10752688,2.0,0.285714,6.9,0.6,0.9,4,1,0.1,0.04
primary_holdout,target_family,ENTECAVIR,5,0.05376344,3.2,0.355556,7.6,0.8,0.8,1,1,0.2,0.04
primary_holdout,target_family,GLINTA,4,0.04301075,4.25,0.708333,6.5,0.5,0.5,2,2,0.5,0.08
primary_holdout,target_family,INDERAL,9,0.09677419,3.666667,0.52381,7.111111,0.33333333,0.77777778,6,2,0.22222222,0.08
primary_holdout,target_family,LANTUS,14,0.15053763,2.642857,0.440476,5.571429,0.21428571,0.28571429,11,10,0.71428571,0.4
primary_holdout,target_family,PROGEST,5,0.05376344,2.0,0.285714,6.6,0.2,1.0,4,0,0.0,0.0
primary_holdout,target_family,VIGOREX,24,0.25806452,2.375,0.339286,6.416667,0.54166667,0.83333333,11,4,0.16666667,0.16
extreme_observations,overall,all,121,1.0,6.157025,0.937275,6.710744,0.0,0.08264463,121,111,0.91735537,1.0
extreme_observations,analysis_cohort,extreme_distance_prediction,121,1.0,6.157025,0.937275,6.710744,0.0,0.08264463,121,111,0.91735537,1.0
extreme_observations,mistake_type,multi_edit_ocr_error,119,0.98347107,6.193277,0.941473,6.773109,0.0,0.07563025,119,110,0.92436975,0.99099099
extreme_observations,mistake_type,two_or_three_edit_ocr_error,1,0.00826446,3.0,0.75,3.0,0.0,0.0,1,1,1.0,0.00900901
extreme_observations,mistake_type,visible_prefix_or_suffix_fragment,1,0.00826446,5.0,0.625,3.0,0.0,1.0,1,0,0.0,0.0
extreme_observations,distance_band,2_3_edits,1,0.00826446,3.0,0.75,3.0,0.0,0.0,1,1,1.0,0.00900901
extreme_observations,distance_band,4_5_edits,44,0.36363636,4.681818,0.750893,5.818182,0.0,0.15909091,44,37,0.84090909,0.33333333
extreme_observations,distance_band,6_plus_edits,76,0.62809917,7.052632,1.047645,7.276316,0.0,0.03947368,76,73,0.96052632,0.65765766
extreme_observations,difficulty,EXTREME_REVIEW,121,1.0,6.157025,0.937275,6.710744,0.0,0.08264463,121,111,0.91735537,1.0
extreme_observations,danger,CAUTION,121,1.0,6.157025,0.937275,6.710744,0.0,0.08264463,121,111,0.91735537,1.0
extreme_observations,operation_profile,extra_characters_only,2,0.01652893,5.5,1.275,10.0,0.0,0.0,2,2,1.0,0.01801802
extreme_observations,operation_profile,missing_characters_only,1,0.00826446,5.0,0.625,3.0,0.0,1.0,1,0,0.0,0.0
extreme_observations,operation_profile,mixed_operations,107,0.88429752,6.271028,0.949314,6.672897,0.0,0.07476636,107,99,0.92523364,0.89189189
extreme_observations,operation_profile,substitutions_only,11,0.09090909,5.272727,0.787157,6.818182,0.0,0.09090909,11,10,0.90909091,0.09009009
extreme_observations,source_addition_count,0,60,0.49586777,6.233333,1.088836,8.6,0.0,0.15,60,51,0.85,0.45945946
extreme_observations,source_addition_count,1,13,0.10743802,5.692308,0.741911,6.923077,0.0,0.0,13,13,1.0,0.11711712
extreme_observations,source_addition_count,2,15,0.12396694,5.066667,0.73881,4.933333,0.0,0.0,15,15,1.0,0.13513514
extreme_observations,source_addition_count,3_plus,33,0.27272727,6.69697,0.828884,4.0,0.0,0.03030303,33,32,0.96969697,0.28828829
extreme_observations,source_deletion_count,0,68,0.56198347,5.970588,0.790891,5.0,0.0,0.02941176,68,66,0.97058824,0.59459459
extreme_observations,source_deletion_count,1,9,0.07438017,5.111111,0.712963,7.777778,0.0,0.22222222,9,7,0.77777778,0.06306306
extreme_observations,source_deletion_count,2,11,0.09090909,5.545455,0.895238,8.363636,0.0,0.18181818,11,9,0.81818182,0.08108108
extreme_observations,source_deletion_count,3_plus,33,0.27272727,7.030303,1.314105,9.393939,0.0,0.12121212,33,29,0.87878788,0.26126126
extreme_observations,source_replacement_count,0,3,0.02479339,5.333333,1.058333,7.666667,0.0,0.33333333,3,2,0.66666667,0.01801802
extreme_observations,source_replacement_count,1,9,0.07438017,6.111111,0.969136,3.333333,0.0,0.0,9,9,1.0,0.08108108
extreme_observations,source_replacement_count,2,18,0.14876033,5.166667,0.787213,5.333333,0.0,0.11111111,18,16,0.88888889,0.14414414
extreme_observations,source_replacement_count,3_plus,91,0.75206612,6.384615,0.959816,7.285714,0.0,0.07692308,91,84,0.92307692,0.75675676
extreme_observations,length_direction,equal_length,13,0.10743802,5.230769,0.76862,6.923077,0.0,0.07692308,13,12,0.92307692,0.10810811
extreme_observations,length_direction,ocr_output_longer,50,0.41322314,6.48,1.153429,9.02,0.0,0.16,50,42,0.84,0.37837838
extreme_observations,length_direction,ocr_output_shorter,58,0.47933884,6.086207,0.788738,4.672414,0.0,0.01724138,58,57,0.98275862,0.51351351
extreme_observations,query_length_band,10_plus_characters,22,0.18181818,7.045455,1.078734,10.772727,0.0,0.31818182,22,15,0.68181818,0.13513514
extreme_observations,query_length_band,1_3_characters,16,0.1322314,5.6875,0.85434,2.4375,0.0,0.0625,16,15,0.9375,0.13513514
extreme_observations,query_length_band,4_5_characters,24,0.19834711,6.083333,0.830522,4.541667,0.0,0.0,24,24,1.0,0.21621622
extreme_observations,query_length_band,6_7_characters,38,0.31404959,5.789474,0.978603,6.526316,0.0,0.05263158,38,36,0.94736842,0.32432432
extreme_observations,query_length_band,8_9_characters,21,0.17355372,6.333333,0.89949,8.52381,0.0,0.0,21,21,1.0,0.18918919
extreme_observations,shared_character_band,0_shared_characters,9,0.07438017,6.444444,1.166667,3.888889,0.0,0.0,9,9,1.0,0.08108108
extreme_observations,shared_character_band,1_shared_character,28,0.23140496,6.178571,1.099306,4.785714,0.0,0.0,28,28,1.0,0.25225225
extreme_observations,shared_character_band,2_plus_shared_characters,84,0.69421488,6.119048,0.858688,7.654762,0.0,0.11904762,84,74,0.88095238,0.66666667
extreme_observations,shared_bigram_band,0_shared_bigrams,68,0.56198347,6.485294,1.038206,5.764706,0.0,0.0,68,68,1.0,0.61261261
extreme_observations,shared_bigram_band,1_shared_bigram,28,0.23140496,5.428571,0.743211,6.285714,0.0,0.07142857,28,26,0.92857143,0.23423423
extreme_observations,shared_bigram_band,2_plus_shared_bigrams,25,0.20661157,6.08,0.880095,9.76,0.0,0.32,25,17,0.68,0.15315315
extreme_observations,ocr_output_catalog_status,not_a_catalog_family,121,1.0,6.157025,0.937275,6.710744,0.0,0.08264463,121,111,0.91735537,1.0
extreme_observations,source_model,easyocr,46,0.38016529,6.152174,0.819117,4.347826,0.0,0.02173913,46,45,0.97826087,0.40540541
extreme_observations,source_model,got_ocr2,7,0.05785124,6.285714,1.02381,7.714286,0.0,0.0,7,7,1.0,0.06306306
extreme_observations,source_model,internvl3_14b_hf,5,0.04132231,6.2,1.085,8.0,0.0,0.0,5,5,1.0,0.04504505
extreme_observations,source_model,internvl3_1b_hf,6,0.04958678,5.5,0.890873,7.5,0.0,0.0,6,6,1.0,0.05405405
extreme_observations,source_model,internvl3_8b_hf,3,0.02479339,6.333333,1.152778,9.0,0.0,0.33333333,3,2,0.66666667,0.01801802
extreme_observations,source_model,llava_onevision_qwen2_05b_ov,11,0.09090909,5.909091,0.848124,7.363636,0.0,0.18181818,11,9,0.81818182,0.08108108
extreme_observations,source_model,llava_onevision_qwen2_7b_ov_hf,13,0.10743802,6.461538,1.029487,9.538462,0.0,0.15384615,13,11,0.84615385,0.0990991
extreme_observations,source_model,minicpm_v_46,6,0.04958678,6.333333,0.965278,8.833333,0.0,0.33333333,6,4,0.66666667,0.03603604
extreme_observations,source_model,paddleocr_vl_space,6,0.04958678,6.333333,0.963955,6.666667,0.0,0.0,6,6,1.0,0.05405405
extreme_observations,source_model,qwen25_vl_3b,7,0.05785124,6.142857,1.065476,8.428571,0.0,0.14285714,7,6,0.85714286,0.05405405
extreme_observations,source_model,qwen25_vl_7b,3,0.02479339,7.0,1.236111,9.666667,0.0,0.0,3,3,1.0,0.02702703
extreme_observations,source_model,qwen3_vl_4b,3,0.02479339,6.333333,1.333333,7.0,0.0,0.0,3,3,1.0,0.02702703
extreme_observations,source_model,qwen3_vl_8b,3,0.02479339,6.0,1.166667,8.333333,0.0,0.0,3,3,1.0,0.02702703
extreme_observations,source_model,trocr,2,0.01652893,4.5,0.690476,7.0,0.0,0.5,2,1,0.5,0.00900901
extreme_observations,target_family,ABASAGLAR,3,0.02479339,6.666667,0.740741,6.0,0.0,0.0,3,3,1.0,0.02702703
extreme_observations,target_family,ALBUTEIN,1,0.00826446,7.0,0.875,4.0,0.0,0.0,1,1,1.0,0.00900901
extreme_observations,target_family,AMIKACIN,2,0.01652893,6.5,0.8125,5.0,0.0,0.0,2,2,1.0,0.01801802
extreme_observations,target_family,CALAMINE,1,0.00826446,7.0,0.875,5.0,0.0,0.0,1,1,1.0,0.00900901
extreme_observations,target_family,CEFIXIME,6,0.04958678,5.166667,0.645833,8.0,0.0,0.33333333,6,4,0.66666667,0.03603604
extreme_observations,target_family,CELEBREX,7,0.05785124,6.0,0.75,8.428571,0.0,0.0,7,7,1.0,0.06306306
extreme_observations,target_family,CLEXANE,1,0.00826446,5.0,0.714286,6.0,0.0,0.0,1,1,1.0,0.00900901
extreme_observations,target_family,ENTECAVIR,1,0.00826446,8.0,0.888889,3.0,0.0,0.0,1,1,1.0,0.00900901
extreme_observations,target_family,GLINTA,2,0.01652893,7.5,1.25,8.0,0.0,0.0,2,2,1.0,0.01801802
extreme_observations,target_family,IBUPROFEN,3,0.02479339,7.0,0.777778,7.333333,0.0,0.0,3,3,1.0,0.02702703
extreme_observations,target_family,INDERAL,2,0.01652893,5.5,0.785714,7.5,0.0,0.5,2,1,0.5,0.00900901
extreme_observations,target_family,KATOMOR,1,0.00826446,5.0,0.714286,5.0,0.0,0.0,1,1,1.0,0.00900901
extreme_observations,target_family,KETOROLAC,13,0.10743802,7.153846,0.794872,6.230769,0.0,0.15384615,13,11,0.84615385,0.0990991
extreme_observations,target_family,LACTO,4,0.03305785,4.5,0.9,5.75,0.0,0.0,4,4,1.0,0.03603604
extreme_observations,target_family,LANTUS,2,0.01652893,7.0,1.166667,7.0,0.0,0.0,2,2,1.0,0.01801802
extreme_observations,target_family,LASIX,3,0.02479339,4.333333,0.866667,5.666667,0.0,0.0,3,3,1.0,0.02702703
extreme_observations,target_family,MYOLAX,19,0.15702479,6.631579,1.105263,7.578947,0.0,0.10526316,19,17,0.89473684,0.15315315
extreme_observations,target_family,NEUROCET,2,0.01652893,7.0,0.875,8.0,0.0,0.0,2,2,1.0,0.01801802
extreme_observations,target_family,OSSICA,1,0.00826446,4.0,0.666667,4.0,0.0,0.0,1,1,1.0,0.00900901
extreme_observations,target_family,OSTOCAL,1,0.00826446,7.0,1.0,5.0,0.0,0.0,1,1,1.0,0.00900901
extreme_observations,target_family,PETHIDINE,4,0.03305785,7.0,0.777778,5.25,0.0,0.0,4,4,1.0,0.03603604
extreme_observations,target_family,RIVO,15,0.12396694,5.733333,1.433333,6.4,0.0,0.0,15,15,1.0,0.13513514
extreme_observations,target_family,RIVOTRIL,19,0.15702479,6.105263,0.763158,6.894737,0.0,0.15789474,19,16,0.84210526,0.14414414
extreme_observations,target_family,TELFAST,1,0.00826446,5.0,0.714286,9.0,0.0,0.0,1,1,1.0,0.00900901
extreme_observations,target_family,TOCO,3,0.02479339,5.333333,1.333333,6.333333,0.0,0.0,3,3,1.0,0.02702703
extreme_observations,target_family,VIGOREX,4,0.03305785,5.0,0.714286,5.25,0.0,0.0,4,4,1.0,0.03603604
extreme_primary_unique,overall,all,113,1.0,6.176991,0.911817,6.637168,0.0,0.07964602,113,104,0.92035398,1.0
extreme_primary_unique,analysis_cohort,extreme_distance_prediction,113,1.0,6.176991,0.911817,6.637168,0.0,0.07964602,113,104,0.92035398,1.0
extreme_primary_unique,mistake_type,multi_edit_ocr_error,111,0.98230088,6.216216,0.915859,6.702703,0.0,0.07207207,111,103,0.92792793,0.99038462
extreme_primary_unique,mistake_type,two_or_three_edit_ocr_error,1,0.00884956,3.0,0.75,3.0,0.0,0.0,1,1,1.0,0.00961538
extreme_primary_unique,mistake_type,visible_prefix_or_suffix_fragment,1,0.00884956,5.0,0.625,3.0,0.0,1.0,1,0,0.0,0.0
extreme_primary_unique,distance_band,2_3_edits,1,0.00884956,3.0,0.75,3.0,0.0,0.0,1,1,1.0,0.00961538
extreme_primary_unique,distance_band,4_5_edits,43,0.38053097,4.674419,0.753821,5.697674,0.0,0.13953488,43,37,0.86046512,0.35576923
extreme_primary_unique,distance_band,6_plus_edits,69,0.61061947,7.15942,1.012624,7.275362,0.0,0.04347826,69,66,0.95652174,0.63461538
extreme_primary_unique,difficulty,EXTREME_REVIEW,113,1.0,6.176991,0.911817,6.637168,0.0,0.07964602,113,104,0.92035398,1.0
extreme_primary_unique,danger,CAUTION,113,1.0,6.176991,0.911817,6.637168,0.0,0.07964602,113,104,0.92035398,1.0
extreme_primary_unique,operation_profile,extra_characters_only,2,0.01769912,5.5,1.275,10.0,0.0,0.0,2,2,1.0,0.01923077
extreme_primary_unique,operation_profile,missing_characters_only,1,0.00884956,5.0,0.625,3.0,0.0,1.0,1,0,0.0,0.0
extreme_primary_unique,operation_profile,mixed_operations,99,0.87610619,6.30303,0.921228,6.585859,0.0,0.07070707,99,92,0.92929293,0.88461538
extreme_primary_unique,operation_profile,substitutions_only,11,0.09734513,5.272727,0.787157,6.818182,0.0,0.09090909,11,10,0.90909091,0.09615385
extreme_primary_unique,source_addition_count,0,52,0.46017699,6.288462,1.05683,8.730769,0.0,0.15384615,52,44,0.84615385,0.42307692
extreme_primary_unique,source_addition_count,1,13,0.11504425,5.692308,0.741911,6.923077,0.0,0.0,13,13,1.0,0.125
extreme_primary_unique,source_addition_count,2,15,0.13274336,5.066667,0.73881,4.933333,0.0,0.0,15,15,1.0,0.14423077
extreme_primary_unique,source_addition_count,3_plus,33,0.2920354,6.69697,0.828884,4.0,0.0,0.03030303,33,32,0.96969697,0.30769231
extreme_primary_unique,source_deletion_count,0,68,0.60176991,5.970588,0.790891,5.0,0.0,0.02941176,68,66,0.97058824,0.63461538
extreme_primary_unique,source_deletion_count,1,8,0.07079646,5.0,0.708333,7.625,0.0,0.25,8,6,0.75,0.05769231
extreme_primary_unique,source_deletion_count,2,11,0.09734513,5.545455,0.895238,8.363636,0.0,0.18181818,11,9,0.81818182,0.08653846
extreme_primary_unique,source_deletion_count,3_plus,26,0.2300885,7.346154,1.297711,9.884615,0.0,0.11538462,26,23,0.88461538,0.22115385
extreme_primary_unique,source_replacement_count,0,3,0.02654867,5.333333,1.058333,7.666667,0.0,0.33333333,3,2,0.66666667,0.01923077
extreme_primary_unique,source_replacement_count,1,9,0.07964602,6.111111,0.969136,3.333333,0.0,0.0,9,9,1.0,0.08653846
extreme_primary_unique,source_replacement_count,2,17,0.15044248,5.176471,0.796755,5.0,0.0,0.05882353,17,16,0.94117647,0.15384615
extreme_primary_unique,source_replacement_count,3_plus,84,0.74336283,6.416667,0.923729,7.285714,0.0,0.08333333,84,77,0.91666667,0.74038462
extreme_primary_unique,length_direction,equal_length,13,0.11504425,5.230769,0.76862,6.923077,0.0,0.07692308,13,12,0.92307692,0.11538462
extreme_primary_unique,length_direction,ocr_output_longer,42,0.37168142,6.595238,1.126105,9.261905,0.0,0.16666667,42,35,0.83333333,0.33653846
extreme_primary_unique,length_direction,ocr_output_shorter,58,0.51327434,6.086207,0.788738,4.672414,0.0,0.01724138,58,57,0.98275862,0.54807692
extreme_primary_unique,query_length_band,10_plus_characters,21,0.18584071,7.142857,1.10034,10.761905,0.0,0.28571429,21,15,0.71428571,0.14423077
extreme_primary_unique,query_length_band,1_3_characters,16,0.14159292,5.6875,0.85434,2.4375,0.0,0.0625,16,15,0.9375,0.14423077
extreme_primary_unique,query_length_band,4_5_characters,24,0.21238938,6.083333,0.830522,4.541667,0.0,0.0,24,24,1.0,0.23076923
extreme_primary_unique,query_length_band,6_7_characters,32,0.28318584,5.75,0.880841,6.4375,0.0,0.0625,32,30,0.9375,0.28846154
extreme_primary_unique,query_length_band,8_9_characters,20,0.17699115,6.35,0.906964,8.5,0.0,0.0,20,20,1.0,0.19230769
extreme_primary_unique,shared_character_band,0_shared_characters,9,0.07964602,6.444444,1.166667,3.888889,0.0,0.0,9,9,1.0,0.08653846
extreme_primary_unique,shared_character_band,1_shared_character,22,0.19469027,6.227273,0.990025,4.181818,0.0,0.0,22,22,1.0,0.21153846
extreme_primary_unique,shared_character_band,2_plus_shared_characters,82,0.72566372,6.134146,0.862863,7.597561,0.0,0.1097561,82,73,0.8902439,0.70192308
extreme_primary_unique,shared_bigram_band,0_shared_bigrams,62,0.54867257,6.532258,0.993516,5.645161,0.0,0.0,62,62,1.0,0.59615385
extreme_primary_unique,shared_bigram_band,1_shared_bigram,28,0.24778761,5.428571,0.743211,6.285714,0.0,0.07142857,28,26,0.92857143,0.25
extreme_primary_unique,shared_bigram_band,2_plus_shared_bigrams,23,0.20353982,6.130435,0.896843,9.73913,0.0,0.30434783,23,16,0.69565217,0.15384615
extreme_primary_unique,ocr_output_catalog_status,not_a_catalog_family,113,1.0,6.176991,0.911817,6.637168,0.0,0.07964602,113,104,0.92035398,1.0
extreme_primary_unique,source_model,easyocr,46,0.40707965,6.152174,0.819117,4.347826,0.0,0.02173913,46,45,0.97826087,0.43269231
extreme_primary_unique,source_model,got_ocr2,7,0.0619469,6.285714,1.02381,7.714286,0.0,0.0,7,7,1.0,0.06730769
extreme_primary_unique,source_model,internvl3_14b_hf,5,0.04424779,6.2,1.085,8.0,0.0,0.0,5,5,1.0,0.04807692
extreme_primary_unique,source_model,internvl3_1b_hf,5,0.04424779,5.4,0.769048,7.6,0.0,0.0,5,5,1.0,0.04807692
extreme_primary_unique,source_model,internvl3_8b_hf,2,0.01769912,7.0,1.416667,8.0,0.0,0.0,2,2,1.0,0.01923077
extreme_primary_unique,source_model,llava_onevision_qwen2_05b_ov,11,0.09734513,5.909091,0.848124,7.363636,0.0,0.18181818,11,9,0.81818182,0.08653846
extreme_primary_unique,source_model,llava_onevision_qwen2_7b_ov_hf,13,0.11504425,6.461538,1.029487,9.538462,0.0,0.15384615,13,11,0.84615385,0.10576923
extreme_primary_unique,source_model,minicpm_v_46,4,0.03539823,6.5,0.885417,9.25,0.0,0.5,4,2,0.5,0.01923077
extreme_primary_unique,source_model,paddleocr_vl_space,5,0.04424779,6.4,0.856746,6.6,0.0,0.0,5,5,1.0,0.04807692
extreme_primary_unique,source_model,qwen25_vl_3b,6,0.05309735,6.166667,0.993056,8.666667,0.0,0.16666667,6,5,0.83333333,0.04807692
extreme_primary_unique,source_model,qwen25_vl_7b,2,0.01769912,7.5,1.104167,11.0,0.0,0.0,2,2,1.0,0.01923077
extreme_primary_unique,source_model,qwen3_vl_4b,2,0.01769912,6.5,1.25,7.0,0.0,0.0,2,2,1.0,0.01923077
extreme_primary_unique,source_model,qwen3_vl_8b,3,0.02654867,6.0,1.166667,8.333333,0.0,0.0,3,3,1.0,0.02884615
extreme_primary_unique,source_model,trocr,2,0.01769912,4.5,0.690476,7.0,0.0,0.5,2,1,0.5,0.00961538
extreme_primary_unique,target_family,ABASAGLAR,3,0.02654867,6.666667,0.740741,6.0,0.0,0.0,3,3,1.0,0.02884615
extreme_primary_unique,target_family,ALBUTEIN,1,0.00884956,7.0,0.875,4.0,0.0,0.0,1,1,1.0,0.00961538
extreme_primary_unique,target_family,AMIKACIN,2,0.01769912,6.5,0.8125,5.0,0.0,0.0,2,2,1.0,0.01923077
extreme_primary_unique,target_family,CALAMINE,1,0.00884956,7.0,0.875,5.0,0.0,0.0,1,1,1.0,0.00961538
extreme_primary_unique,target_family,CEFIXIME,5,0.04424779,5.2,0.65,7.4,0.0,0.2,5,4,0.8,0.03846154
extreme_primary_unique,target_family,CELEBREX,6,0.05309735,6.0,0.75,8.333333,0.0,0.0,6,6,1.0,0.05769231
extreme_primary_unique,target_family,CLEXANE,1,0.00884956,5.0,0.714286,6.0,0.0,0.0,1,1,1.0,0.00961538
extreme_primary_unique,target_family,ENTECAVIR,1,0.00884956,8.0,0.888889,3.0,0.0,0.0,1,1,1.0,0.00961538
extreme_primary_unique,target_family,GLINTA,2,0.01769912,7.5,1.25,8.0,0.0,0.0,2,2,1.0,0.01923077
extreme_primary_unique,target_family,IBUPROFEN,3,0.02654867,7.0,0.777778,7.333333,0.0,0.0,3,3,1.0,0.02884615
extreme_primary_unique,target_family,INDERAL,2,0.01769912,5.5,0.785714,7.5,0.0,0.5,2,1,0.5,0.00961538
extreme_primary_unique,target_family,KATOMOR,1,0.00884956,5.0,0.714286,5.0,0.0,0.0,1,1,1.0,0.00961538
extreme_primary_unique,target_family,KETOROLAC,13,0.11504425,7.153846,0.794872,6.230769,0.0,0.15384615,13,11,0.84615385,0.10576923
extreme_primary_unique,target_family,LACTO,4,0.03539823,4.5,0.9,5.75,0.0,0.0,4,4,1.0,0.03846154
extreme_primary_unique,target_family,LANTUS,2,0.01769912,7.0,1.166667,7.0,0.0,0.0,2,2,1.0,0.01923077
extreme_primary_unique,target_family,LASIX,3,0.02654867,4.333333,0.866667,5.666667,0.0,0.0,3,3,1.0,0.02884615
extreme_primary_unique,target_family,MYOLAX,19,0.16814159,6.631579,1.105263,7.578947,0.0,0.10526316,19,17,0.89473684,0.16346154
extreme_primary_unique,target_family,NEUROCET,2,0.01769912,7.0,0.875,8.0,0.0,0.0,2,2,1.0,0.01923077
extreme_primary_unique,target_family,OSSICA,1,0.00884956,4.0,0.666667,4.0,0.0,0.0,1,1,1.0,0.00961538
extreme_primary_unique,target_family,OSTOCAL,1,0.00884956,7.0,1.0,5.0,0.0,0.0,1,1,1.0,0.00961538
extreme_primary_unique,target_family,PETHIDINE,4,0.03539823,7.0,0.777778,5.25,0.0,0.0,4,4,1.0,0.03846154
extreme_primary_unique,target_family,RIVO,9,0.07964602,5.555556,1.388889,6.0,0.0,0.0,9,9,1.0,0.08653846
extreme_primary_unique,target_family,RIVOTRIL,19,0.16814159,6.105263,0.763158,6.894737,0.0,0.15789474,19,16,0.84210526,0.15384615
extreme_primary_unique,target_family,TELFAST,1,0.00884956,5.0,0.714286,9.0,0.0,0.0,1,1,1.0,0.00961538
extreme_primary_unique,target_family,TOCO,3,0.02654867,5.333333,1.333333,6.333333,0.0,0.0,3,3,1.0,0.02884615
extreme_primary_unique,target_family,VIGOREX,4,0.03539823,5.0,0.714286,5.25,0.0,0.0,4,4,1.0,0.03846154
